batch_size,epochs,n_layers,dropout_rate,l1_reg,l2_reg,n_neurons_l0,n_neurons_l1,n_neurons_l2,n_neurons_l3,n_neurons_l4,learning_rate,trial_number,MAE_val,MAE_train,Best_MAE_val,Best_MAE_train
106,200,5,0.1,0.4,0.4,152,315.0,75.0,152.0,190.0,0.0006672367170464204,1,49.28492428056891,37.75421853039863,49.28492428056891,37.75421853039863
205,200,1,0.4,0.2,0.5,135,,,,,0.004467752817973905,2,129.04896517265394,124.01490298601955,49.28492428056891,37.75421853039863
91,200,3,0.3,0.2,0.3,280,75.0,412.0,,,1.9870215385428627e-05,3,211.9201889220281,205.28779379532205,49.28492428056891,37.75421853039863
253,200,4,0.3,0.4,0.4,455,244.0,64.0,367.0,,0.011044350847124691,4,46.98825546136721,36.15987486264772,46.98825546136721,36.15987486264772
151,200,4,0.2,0.4,0.1,477,415.0,326.0,447.0,,0.016394127471631596,5,48.0822754983113,38.396261389708485,46.98825546136721,36.15987486264772
60,200,5,0.3,0.3,0.4,268,361.0,189.0,498.0,493.0,0.00010165510266418732,6,125.14871192099471,114.02763696680489,46.98825546136721,36.15987486264772
135,200,2,0.3,0.5,0.2,325,326.0,,,,0.0013902686711035,7,85.49687309301352,68.71887607933783,46.98825546136721,36.15987486264772
37,200,5,0.5,0.5,0.1,450,135.0,339.0,419.0,286.0,0.001314021022620738,8,58.816281341387096,43.63861398031576,46.98825546136721,36.15987486264772
74,200,1,0.2,0.1,0.1,6,,,,,4.3977668944839594e-05,9,221.48331361956542,215.30972321426384,46.98825546136721,36.15987486264772
148,200,4,0.3,0.2,0.3,325,408.0,259.0,297.0,,0.000933406401998636,10,50.42933662990941,37.34909292292411,46.98825546136721,36.15987486264772
252,200,3,0.1,0.05,0.05,406,187.0,9.0,,,0.06981221385747148,11,46.59273308919878,38.55495455347515,46.59273308919878,36.15987486264772
255,200,3,0.1,0.05,0.05,409,194.0,9.0,,,0.09897936353312098,12,49.47474506747978,36.031715131888035,46.59273308919878,36.031715131888035
245,200,3,0.1,0.05,0.05,389,223.0,124.0,,,0.09063834236646588,13,59.21831808385315,48.82362214320798,46.59273308919878,36.031715131888035
187,200,4,0.5,0.05,0.05,383,498.0,28.0,58.0,,0.017557192011562556,14,56.40942962773323,42.580009150894725,46.59273308919878,36.031715131888035
218,200,2,0.4,0.4,0.4,493,147.0,,,,0.01913766784885449,15,77.82123087884247,56.83603991953181,46.59273308919878,36.031715131888035
226,200,4,0.1,0.3,0.2,504,256.0,149.0,295.0,,0.006240526732959979,16,46.02992295716205,32.93764041362589,46.02992295716205,32.93764041362589
187,200,2,0.1,0.3,0.2,510,17.0,,,,0.004635990712299015,17,78.04195549936462,63.13764124719129,46.02992295716205,32.93764041362589
223,200,3,0.1,0.3,0.2,196,282.0,172.0,,,0.04371869737190396,18,49.77208944685048,38.53650837731136,46.02992295716205,32.93764041362589
191,200,4,0.1,0.1,0.5,346,161.0,139.0,207.0,,0.0003173753889776946,19,137.25005696693034,125.24781262686639,46.02992295716205,32.93764041362589
229,200,2,0.1,0.05,0.05,417,90.0,,,,0.0031253909070430223,20,81.7129955918922,60.0929365479864,46.02992295716205,32.93764041362589
166,200,4,0.1,0.3,0.2,219,253.0,503.0,287.0,,0.029927990921913866,21,66.03870542137889,51.38239188378868,46.02992295716205,32.93764041362589
253,200,4,0.3,0.4,0.4,439,236.0,79.0,340.0,,0.010692373635296232,22,41.27611783828636,29.508474110669088,41.27611783828636,29.508474110669088
231,200,3,0.5,0.3,0.2,511,189.0,91.0,,,0.006510760323590767,23,69.81241685310133,53.48859327016333,41.27611783828636,29.508474110669088
206,200,5,0.4,0.05,0.05,438,269.0,228.0,332.0,16.0,0.042503975769897076,24,64.86672106646016,45.244625382874695,41.27611783828636,29.508474110669088
238,200,3,0.2,0.4,0.4,385,96.0,19.0,,,0.008857120153204324,25,51.943101615288825,36.258501300749685,41.27611783828636,29.508474110669088
210,200,4,0.3,0.5,0.5,358,206.0,116.0,225.0,,0.0024161998179160933,26,52.697021037473284,38.5140563785053,41.27611783828636,29.508474110669088
254,200,4,0.1,0.1,0.3,466,303.0,57.0,379.0,,0.05071984747360427,27,75.1527875757446,67.35499933312175,41.27611783828636,29.508474110669088
175,200,5,0.1,0.05,0.05,425,354.0,169.0,138.0,506.0,0.00039901676649416613,28,49.450676944369896,32.799326980204306,41.27611783828636,29.508474110669088
234,200,4,0.3,0.3,0.2,302,165.0,235.0,9.0,,0.012166147555949068,29,47.14852490047321,37.775012816449845,41.27611783828636,29.508474110669088
120,200,5,0.1,0.4,0.4,91,228.0,98.0,257.0,308.0,0.024333479112227784,30,49.412239563321116,39.53016839484536,41.27611783828636,29.508474110669088
22,200,3,0.2,0.4,0.4,473,117.0,151.0,,,0.002807661935362427,31,45.296867942612295,33.35807345923441,41.27611783828636,29.508474110669088
21,200,3,0.2,0.4,0.4,482,117.0,44.0,,,0.003660780159387029,32,44.68058585848636,35.972014315464435,41.27611783828636,29.508474110669088
24,200,3,0.2,0.4,0.4,469,29.0,154.0,,,0.002294172640396279,33,58.04814984159768,45.36564307755182,41.27611783828636,29.508474110669088
51,200,3,0.2,0.4,0.4,487,120.0,213.0,,,0.005548934086567728,34,37.61995497553006,30.136312304587296,37.61995497553006,29.508474110669088
17,200,2,0.2,0.4,0.4,453,115.0,,,,0.0005008249044529863,35,70.63133625840037,58.44726244497906,37.61995497553006,29.508474110669088
46,200,3,0.2,0.4,0.4,486,59.0,226.0,,,0.0026955788000754205,36,53.09346271631131,38.9422276264562,37.61995497553006,29.508474110669088
89,200,2,0.2,0.4,0.4,447,70.0,,,,0.004282789852360358,37,56.45727012783055,41.15194414118593,37.61995497553006,29.508474110669088
52,200,3,0.2,0.4,0.4,361,120.0,283.0,,,0.009192379198367214,38,52.359193000793155,38.757455499535496,37.61995497553006,29.508474110669088
32,200,3,0.2,0.4,0.4,481,49.0,61.0,,,0.00015751239887407706,39,135.23407631440173,126.86709587492889,37.61995497553006,29.508474110669088
68,200,1,0.2,0.2,0.4,428,,,,,1.0134446798603569e-05,40,213.64288435949237,207.2080497664028,37.61995497553006,29.508474110669088
89,200,3,0.2,0.4,0.4,244,123.0,202.0,,,0.0016977763776922917,41,44.30063146999565,31.862573748410217,37.61995497553006,29.508474110669088
90,200,3,0.2,0.4,0.4,225,109.0,194.0,,,0.0014854376284343628,42,55.32816158230544,44.36826421823187,37.61995497553006,29.508474110669088
41,200,3,0.2,0.4,0.4,166,127.0,202.0,,,0.0006786239073683838,43,55.00947694800355,44.91292236965236,37.61995497553006,29.508474110669088
110,200,2,0.2,0.4,0.4,258,170.0,,,,0.0017131753839624729,44,69.51736407422,56.21291593366372,37.61995497553006,29.508474110669088
76,200,3,0.3,0.4,0.1,104,45.0,101.0,,,0.0009065955401024242,45,58.27253338561965,44.653173483225906,37.61995497553006,29.508474110669088
56,200,3,0.2,0.4,0.4,248,71.0,49.0,,,0.0044266011272975124,46,47.027547501063225,32.39754426233243,37.61995497553006,29.508474110669088
27,200,4,0.4,0.2,0.3,320,143.0,286.0,510.0,,0.007701462493982471,47,52.63539606283995,40.89883076771728,37.61995497553006,29.508474110669088
64,200,3,0.3,0.5,0.4,466,87.0,82.0,,,0.014167269018536429,48,42.77765557144155,30.881135780675983,37.61995497553006,29.508474110669088
102,200,2,0.3,0.5,0.5,301,217.0,,,,0.012051159162783608,49,65.78628231197476,47.677643384164135,37.61995497553006,29.508474110669088
64,200,4,0.3,0.5,0.1,407,94.0,347.0,119.0,,0.013252444752399116,50,44.439849939058256,34.32984817525582,37.61995497553006,29.508474110669088
67,200,4,0.3,0.5,0.1,401,84.0,394.0,141.0,,0.015033687215735994,51,48.65105353473373,35.836824705374795,37.61995497553006,29.508474110669088
78,200,4,0.3,0.5,0.1,452,141.0,337.0,79.0,,0.028058258209926037,52,50.694686665811645,47.38870253458095,37.61995497553006,29.508474110669088
62,200,3,0.3,0.5,0.1,497,29.0,367.0,,,0.005588700551714246,53,50.63960181658427,38.26641796061058,37.61995497553006,29.508474110669088
49,200,4,0.3,0.5,0.4,372,91.0,456.0,194.0,,0.0163081280167465,54,54.03886975991805,45.42127056243142,37.61995497553006,29.508474110669088
36,200,3,0.3,0.5,0.1,431,457.0,309.0,,,0.004205538751675798,55,43.60638873774266,33.592961968571174,37.61995497553006,29.508474110669088
141,200,4,0.3,0.5,0.1,404,493.0,311.0,75.0,,0.0019402951740422243,56,46.35201436031644,32.06867235649717,37.61995497553006,29.508474110669088
38,200,3,0.3,0.5,0.1,434,378.0,369.0,,,0.007386170954617381,57,54.93476162912935,38.88720895707868,37.61995497553006,29.508474110669088
87,200,4,0.5,0.5,0.1,12,444.0,271.0,10.0,,0.0011144924057411626,58,139.84022559040318,133.41349280332443,37.61995497553006,29.508474110669088
102,200,3,0.3,0.1,0.1,342,323.0,318.0,,,0.021068519409462142,59,44.60198253975774,36.72739277017858,37.61995497553006,29.508474110669088
130,200,5,0.3,0.5,0.3,278,11.0,297.0,176.0,33.0,0.032363921501391425,60,83.79223244543275,68.85361495094578,37.61995497553006,29.508474110669088
83,200,2,0.3,0.5,0.5,417,174.0,,,,0.011073462070991073,61,55.569867543312206,38.259737787832684,37.61995497553006,29.508474110669088
99,200,3,0.3,0.1,0.1,339,468.0,353.0,,,0.021307904885328827,62,48.52948350805844,42.80163006966533,37.61995497553006,29.508474110669088
68,200,3,0.3,0.1,0.1,385,334.0,309.0,,,0.005572179221054193,63,37.03372201389115,26.62763196943021,37.03372201389115,26.62763196943021
62,200,3,0.3,0.1,0.1,399,413.0,260.0,,,0.005823662501946372,64,36.989234955230366,28.965457015333904,36.989234955230366,26.62763196943021
55,200,3,0.4,0.1,0.1,387,401.0,251.0,,,0.005647130366294845,65,42.43074886033777,34.76808633397747,36.989234955230366,26.62763196943021
34,200,3,0.4,0.1,0.1,390,406.0,248.0,,,0.005922275595511859,66,51.097988481581815,36.73920397057388,36.989234955230366,26.62763196943021
57,200,3,0.4,0.1,0.1,463,352.0,258.0,,,0.0033871268526140144,67,43.20548704609916,32.893114585223024,36.989234955230366,26.62763196943021
57,200,3,0.4,0.1,0.1,466,367.0,261.0,,,0.009700468179045034,68,42.6179621022611,31.777356488829692,36.989234955230366,26.62763196943021
72,200,3,0.4,0.1,0.1,444,385.0,222.0,,,0.06504972021532868,69,58.61952467180724,49.5569274388085,36.989234955230366,26.62763196943021
45,200,3,0.4,0.1,0.1,372,300.0,78.0,,,0.009597588225194105,70,54.34704980706465,41.277676926003295,36.989234955230366,26.62763196943021
164,200,2,0.4,0.1,0.1,512,341.0,,,,0.005746735646104699,71,59.111892409305874,40.48103259569062,36.989234955230366,26.62763196943021
57,200,3,0.4,0.1,0.1,459,425.0,258.0,,,0.0033276837500222363,72,43.64746884789776,36.311992983482064,36.989234955230366,26.62763196943021
53,200,3,0.4,0.1,0.1,466,374.0,267.0,,,0.007809832560445196,73,45.80694222339871,37.44271949138828,36.989234955230366,26.62763196943021
59,200,3,0.4,0.1,0.1,498,396.0,251.0,,,0.0035773260809957375,74,41.448924182817855,28.59449516556864,36.989234955230366,26.62763196943021
76,200,3,0.4,0.1,0.1,492,421.0,247.0,,,0.004916160638600613,75,45.479514627145775,33.363154583028894,36.989234955230366,26.62763196943021
69,200,3,0.5,0.1,0.05,486,405.0,217.0,,,0.009933089308429802,76,52.928924720408084,42.16336693264918,36.989234955230366,26.62763196943021
45,200,3,0.4,0.1,0.3,442,390.0,288.0,,,0.016632701239213964,77,45.90809729393702,36.22568904870108,36.989234955230366,26.62763196943021
82,200,2,0.4,0.1,0.2,498,335.0,,,,0.007334027579644624,78,54.34025291005273,37.674305020950776,36.989234955230366,26.62763196943021
95,200,3,0.4,0.1,0.1,424,366.0,178.0,,,0.012212281939708898,79,55.39849410373104,44.41747974343994,36.989234955230366,26.62763196943021
63,200,3,0.5,0.2,0.5,391,437.0,246.0,,,0.03599589231752569,80,59.71149183247391,47.59709442532952,36.989234955230366,26.62763196943021
115,200,2,0.3,0.1,0.1,475,391.0,,,,0.00271539380404545,81,59.512735920309396,41.66606063943456,36.989234955230366,26.62763196943021
52,200,3,0.4,0.1,0.1,457,281.0,265.0,,,0.0036227149182207646,82,46.752550180536566,34.653156945467266,36.989234955230366,26.62763196943021
58,200,3,0.4,0.1,0.1,468,359.0,126.0,,,0.0020238422120433925,83,43.69160738231761,34.02542149736258,36.989234955230366,26.62763196943021
29,200,3,0.4,0.1,0.1,418,342.0,297.0,,,0.005166462708164314,84,46.767735363048516,34.415789143645114,36.989234955230366,26.62763196943021
60,200,3,0.4,0.1,0.4,499,240.0,209.0,,,3.863427415366546e-05,85,202.96271751001638,196.07385816600754,36.989234955230366,26.62763196943021
40,200,3,0.4,0.1,0.1,480,315.0,239.0,,,0.0036749199163121087,86,41.97381190872069,33.774108484231014,36.989234955230366,26.62763196943021
197,200,3,0.3,0.05,0.4,483,296.0,30.0,,,0.008511253490668476,87,49.133868003268894,37.58839519970573,36.989234955230366,26.62763196943021
42,200,3,0.4,0.3,0.1,442,315.0,241.0,,,0.006461778068309414,88,43.900938407129175,31.772142455124015,36.989234955230366,26.62763196943021
50,200,3,0.3,0.1,0.05,474,312.0,274.0,,,0.0023001409273951294,89,36.791858626665444,28.4142701220714,36.791858626665444,26.62763196943021
40,200,3,0.3,0.1,0.2,510,322.0,274.0,,,0.00238776325197898,90,40.67368115145414,31.160390923533605,36.791858626665444,26.62763196943021
49,200,3,0.3,0.1,0.05,512,273.0,233.0,,,0.0024154180759146686,91,39.03519391555686,30.292877969197324,36.791858626665444,26.62763196943021
49,200,3,0.3,0.1,0.05,506,272.0,286.0,,,0.001112874325915635,92,42.82480067835105,32.79009613696451,36.791858626665444,26.62763196943021
39,200,3,0.3,0.1,0.05,511,324.0,328.0,,,0.0024687438351445484,93,39.46434331042858,29.655892781486887,36.791858626665444,26.62763196943021
19,200,3,0.3,0.1,0.05,512,315.0,324.0,,,0.0013966540541273747,94,48.301099476778155,36.703815005785685,36.791858626665444,26.62763196943021
39,200,3,0.3,0.1,0.05,490,292.0,276.0,,,0.002477319506734666,95,43.23807802721778,33.999265538929194,36.791858626665444,26.62763196943021
25,200,5,0.3,0.1,0.05,477,327.0,235.0,455.0,168.0,0.0020883874351162296,96,51.7837495728636,39.219277701207005,36.791858626665444,26.62763196943021
34,200,4,0.3,0.1,0.2,498,261.0,302.0,370.0,,0.004067596134531129,97,39.18416068411572,29.991029075095273,36.791858626665444,26.62763196943021
28,200,4,0.3,0.1,0.2,501,258.0,333.0,375.0,,0.0009200971049595602,98,46.1716488192492,33.34063402240522,36.791858626665444,26.62763196943021
31,200,4,0.3,0.2,0.2,491,249.0,310.0,336.0,,0.0007126784914651844,99,46.65379071083066,33.663169134891675,36.791858626665444,26.62763196943021
48,200,4,0.3,0.1,0.2,503,269.0,277.0,413.0,,0.0017272311924926495,100,41.559586451816486,30.21031587877424,36.791858626665444,26.62763196943021
33,200,4,0.3,0.05,0.05,453,282.0,296.0,339.0,,0.002824620325781794,101,38.27471613692814,29.636698107237876,36.791858626665444,26.62763196943021
37,200,4,0.3,0.05,0.05,450,237.0,296.0,349.0,,0.0028070154709617027,102,38.56963807293795,26.90255426811931,36.791858626665444,26.62763196943021
35,200,4,0.3,0.05,0.05,450,239.0,305.0,346.0,,0.004420972544170054,103,38.707760980612186,30.061674084006427,36.791858626665444,26.62763196943021
34,200,4,0.3,0.05,0.05,455,203.0,301.0,400.0,,0.0030004943844054435,104,39.57572543104096,30.515878099608354,36.791858626665444,26.62763196943021
34,200,4,0.3,0.05,0.05,437,202.0,299.0,406.0,,0.004434163351218826,105,43.66112783414199,32.39582647136962,36.791858626665444,26.62763196943021
19,200,4,0.3,0.05,0.05,454,226.0,351.0,357.0,,0.002942273301122423,106,44.18519479690508,35.928710546248965,36.791858626665444,26.62763196943021
34,200,4,0.3,0.05,0.05,454,217.0,328.0,464.0,,0.0015397945471113048,107,42.674032006419296,30.135838992290704,36.791858626665444,26.62763196943021
25,200,4,0.3,0.05,0.05,415,265.0,300.0,388.0,,0.004319004724443992,108,43.54134732464517,35.15151791134065,36.791858626665444,26.62763196943021
16,200,4,0.3,0.05,0.05,428,281.0,321.0,317.0,,0.002964688746869275,109,49.42268341755353,37.40720682816299,36.791858626665444,26.62763196943021
44,200,5,0.3,0.05,0.05,475,233.0,341.0,267.0,393.0,0.0012440036403817468,110,41.3751931127619,29.74282085793064,36.791858626665444,26.62763196943021
50,200,4,0.3,0.05,0.05,450,289.0,309.0,444.0,,0.0018177938044823159,111,40.24527630542428,27.484578042801907,36.791858626665444,26.62763196943021
48,200,4,0.3,0.05,0.05,452,248.0,362.0,439.0,,0.0020341073123463934,112,41.43547578274048,28.3267416007371,36.791858626665444,26.62763196943021
31,200,4,0.3,0.05,0.05,399,289.0,387.0,359.0,,0.0026247385552973924,113,41.94267362720417,31.152943123692825,36.791858626665444,26.62763196943021
39,200,4,0.3,0.05,0.05,484,307.0,304.0,427.0,,0.003980774967592735,114,44.1511331232376,35.00096334020817,36.791858626665444,26.62763196943021
52,200,4,0.3,0.05,0.05,472,180.0,289.0,478.0,,0.0030936279050958696,115,42.912329468673924,29.29020336919972,36.791858626665444,26.62763196943021
71,200,4,0.3,0.05,0.05,442,210.0,317.0,316.0,,0.0017297579018653363,116,42.42403686422948,30.256476235630416,36.791858626665444,26.62763196943021
23,200,4,0.3,0.05,0.05,462,255.0,292.0,400.0,,0.00516837474402581,117,43.483957351292524,33.38289981311273,36.791858626665444,26.62763196943021
36,200,4,0.3,0.05,0.05,371,157.0,312.0,370.0,,0.00206428697104943,118,49.9199278685478,38.99329559642957,36.791858626665444,26.62763196943021
47,200,4,0.3,0.05,0.05,492,194.0,333.0,482.0,,0.006715189162973293,119,39.00829548009742,29.25536576578233,36.791858626665444,26.62763196943021
43,200,4,0.3,0.05,0.05,487,242.0,331.0,482.0,,0.0051170787201707466,120,40.0187657715935,31.54153185202008,36.791858626665444,26.62763196943021
32,200,4,0.1,0.05,0.05,492,183.0,229.0,278.0,,0.0068828674500966865,121,36.538532730604025,26.889065653307117,36.538532730604025,26.62763196943021
28,200,4,0.1,0.05,0.05,493,192.0,187.0,267.0,,0.006766432054401383,122,43.2684438796073,31.896565600717956,36.538532730604025,26.62763196943021
35,200,4,0.1,0.05,0.05,479,185.0,278.0,307.0,,0.006611780670532132,123,39.60206367492104,27.209336986727376,36.538532730604025,26.62763196943021
45,200,4,0.1,0.05,0.05,502,199.0,229.0,348.0,,0.0038182613674522894,124,48.10655401720848,36.02624733648006,36.538532730604025,26.62763196943021
65,200,4,0.1,0.3,0.05,468,222.0,268.0,326.0,,0.004600280738374453,125,39.595722292650734,28.282197865021516,36.538532730604025,26.62763196943021
30,200,1,0.3,0.05,0.05,492,,,,,0.008251124197202168,126,104.13293890447328,94.28200731341393,36.538532730604025,26.62763196943021
37,200,4,0.3,0.05,0.05,475,155.0,209.0,290.0,,0.0031618827471303276,127,46.79447758400777,32.57696447600166,36.538532730604025,26.62763196943021
53,200,4,0.5,0.05,0.05,460,211.0,256.0,286.0,,0.002463293624084421,128,46.9778908152002,35.96141602301934,36.538532730604025,26.62763196943021
22,200,4,0.3,0.2,0.3,511,262.0,379.0,232.0,,0.0060243724940066985,129,44.452204695033274,34.59697893043277,36.538532730604025,26.62763196943021
42,200,4,0.3,0.05,0.05,484,276.0,358.0,390.0,,0.003802079135143072,130,40.581427820044325,29.280239295337992,36.538532730604025,26.62763196943021
45,200,5,0.2,0.05,0.05,430,233.0,343.0,348.0,107.0,0.004598728755278813,131,43.711914567694855,33.14009500492232,36.538532730604025,26.62763196943021
68,200,4,0.1,0.3,0.05,467,228.0,267.0,327.0,,0.0049446996190289725,132,32.4196907793402,25.72462214755557,32.4196907793402,25.72462214755557
61,200,4,0.1,0.4,0.05,499,241.0,290.0,246.0,,0.00712574503680422,133,45.14861250163671,32.63159246692909,32.4196907793402,25.72462214755557
67,200,4,0.3,0.3,0.5,463,169.0,279.0,302.0,,0.0031632108112843553,134,48.51106588030388,37.52670697951362,32.4196907793402,25.72462214755557
50,200,4,0.1,0.3,0.05,448,306.0,226.0,332.0,,0.005268125394971658,135,38.935091052383996,28.988852959709583,32.4196907793402,25.72462214755557
53,200,4,0.1,0.3,0.05,474,305.0,233.0,331.0,,0.005628482280910831,136,40.138656735992676,26.706359118170067,32.4196907793402,25.72462214755557
73,200,4,0.1,0.3,0.05,441,343.0,220.0,276.0,,0.0096859300605231,137,33.44638273224607,25.942355930361867,32.4196907793402,25.72462214755557
83,200,4,0.1,0.3,0.2,417,349.0,211.0,280.0,,0.009300473885644867,138,35.739327075704495,25.372174101363324,32.4196907793402,25.372174101363324
70,200,4,0.1,0.3,0.05,399,340.0,218.0,274.0,,0.011709715924779472,139,37.28391587564496,26.00267212884923,32.4196907793402,25.372174101363324
83,200,4,0.1,0.3,0.05,419,343.0,214.0,279.0,,0.011073990168603973,140,32.98222576808834,23.816293592823563,32.4196907793402,23.816293592823563
84,200,4,0.1,0.3,0.05,414,349.0,215.0,280.0,,0.010958816770682727,141,35.775543986266776,26.65047376477497,32.4196907793402,23.816293592823563
81,200,4,0.1,0.3,0.05,412,337.0,217.0,273.0,,0.011679442641446498,142,45.461785211931875,33.059518794185486,32.4196907793402,23.816293592823563
74,200,4,0.1,0.3,0.05,394,345.0,193.0,287.0,,0.009506907859147996,143,36.01487966079434,23.497919429857095,32.4196907793402,23.497919429857095
76,200,4,0.1,0.3,0.05,400,349.0,195.0,246.0,,0.014068422174196783,144,36.093203091044614,26.591269979761055,32.4196907793402,23.497919429857095
86,200,4,0.1,0.3,0.05,395,352.0,194.0,243.0,,0.01413762408374431,145,35.95296300071657,29.189043154760302,32.4196907793402,23.497919429857095
75,200,4,0.1,0.3,0.05,395,349.0,194.0,243.0,,0.01916370867400885,146,35.229251320383476,27.626753004554327,32.4196907793402,23.497919429857095
86,200,4,0.1,0.3,0.2,399,354.0,194.0,242.0,,0.017986850232565313,147,47.44265280945805,43.46390183023273,32.4196907793402,23.497919429857095
75,200,4,0.1,0.3,0.3,356,347.0,171.0,212.0,,0.01445119021701006,148,36.164809195958625,29.013183791309796,32.4196907793402,23.497919429857095
93,200,4,0.1,0.3,0.3,362,370.0,160.0,228.0,,0.023786556222062917,149,53.180674584036375,46.64471989949471,32.4196907793402,23.497919429857095
77,200,4,0.1,0.3,0.3,378,347.0,181.0,210.0,,0.015395550031351006,150,40.622778678977205,29.547391240305917,32.4196907793402,23.497919429857095
74,200,4,0.1,0.3,0.3,353,334.0,196.0,252.0,,0.01431565624463159,151,38.40825554940336,31.145704455386515,32.4196907793402,23.497919429857095
81,200,4,0.1,0.3,0.3,394,357.0,167.0,279.0,,0.010559291579887501,152,41.7759556614096,30.415067859635034,32.4196907793402,23.497919429857095
71,200,4,0.1,0.3,0.05,405,383.0,202.0,209.0,,0.012961543582522444,153,40.63856178069385,30.59009775776014,32.4196907793402,23.497919429857095
87,200,4,0.1,0.3,0.5,381,344.0,209.0,255.0,,0.0089784316780635,154,38.59603613314525,29.91747896839098,32.4196907793402,23.497919429857095
97,200,4,0.1,0.3,0.05,419,362.0,178.0,171.0,,0.018074332825838577,155,42.09746746114401,30.055590067664706,32.4196907793402,23.497919429857095
76,200,4,0.1,0.3,0.05,386,330.0,218.0,266.0,,0.025473242901665808,156,45.09519970450267,36.52662762128168,32.4196907793402,23.497919429857095
84,200,4,0.1,0.3,0.05,407,350.0,186.0,238.0,,0.010118168541788401,157,31.8924930314546,23.054896773566227,31.8924930314546,23.054896773566227
84,200,4,0.1,0.3,0.05,407,348.0,143.0,238.0,,0.01989362971111008,158,35.94350145566162,28.82313113502005,31.8924930314546,23.054896773566227
91,200,4,0.1,0.3,0.05,410,374.0,136.0,237.0,,0.020149212534717187,159,36.65639117840345,25.54495575375081,31.8924930314546,23.054896773566227
85,200,4,0.1,0.3,0.05,412,350.0,140.0,220.0,,0.02012697334217986,160,40.80929777693942,31.814387066561096,31.8924930314546,23.054896773566227
91,200,4,0.1,0.3,0.05,423,369.0,117.0,192.0,,0.030507544417797683,161,54.87497811361082,45.91472206018709,31.8924930314546,23.054896773566227
81,200,4,0.1,0.3,0.05,408,377.0,143.0,240.0,,0.014785259538735369,162,54.50107595013673,40.71229695080717,31.8924930314546,23.054896773566227
108,200,4,0.1,0.3,0.05,373,359.0,159.0,256.0,,0.009615563387255591,163,42.77641498981779,33.054016530327765,31.8924930314546,23.054896773566227
77,200,4,0.1,0.3,0.05,390,324.0,130.0,222.0,,0.02229877139477587,164,40.177072613882565,31.50066912577123,31.8924930314546,23.054896773566227
101,200,4,0.1,0.3,0.05,406,349.0,170.0,290.0,,0.038942226996099144,165,45.07618981714573,36.83237817313328,31.8924930314546,23.054896773566227
93,200,4,0.1,0.3,0.05,424,336.0,185.0,238.0,,0.013124594771770005,166,39.91322848455649,30.043719812056057,31.8924930314546,23.054896773566227
73,200,4,0.1,0.3,0.2,387,376.0,202.0,300.0,,0.016749885806813063,167,44.42916078686906,35.814155151981964,31.8924930314546,23.054896773566227
80,200,4,0.1,0.3,0.05,366,365.0,195.0,193.0,,0.010621592154929976,168,35.753053088651306,27.748817458821044,31.8924930314546,23.054896773566227
84,200,4,0.1,0.3,0.05,362,363.0,152.0,262.0,,0.008430443605216591,169,35.93560393960124,25.691883832661237,31.8924930314546,23.054896773566227
89,200,4,0.1,0.3,0.05,322,363.0,174.0,262.0,,0.010621188049975297,170,42.945968145968195,32.62073734837275,31.8924930314546,23.054896773566227
82,200,4,0.1,0.3,0.05,341,391.0,151.0,281.0,,0.008029318316642178,171,36.215757380704794,23.187562988082057,31.8924930314546,23.054896773566227
82,200,4,0.1,0.3,0.05,345,349.0,152.0,280.0,,0.008461011294230117,172,43.34526676380583,28.05985837966627,31.8924930314546,23.054896773566227
86,200,4,0.1,0.3,0.05,328,391.0,190.0,252.0,,0.010698203555112135,173,38.363211985462975,25.97505027990494,31.8924930314546,23.054896773566227
79,200,4,0.1,0.3,0.05,366,379.0,167.0,198.0,,0.019714050108141506,174,35.08906040148589,24.933757948185193,31.8924930314546,23.054896773566227
79,200,4,0.1,0.3,0.05,361,382.0,133.0,216.0,,0.014001037619460891,175,45.180554756827554,35.078282758779,31.8924930314546,23.054896773566227
97,200,4,0.1,0.3,0.05,354,368.0,168.0,183.0,,0.01831953219497166,176,50.11539378621051,38.63998017544294,31.8924930314546,23.054896773566227
90,200,4,0.1,0.3,0.05,367,396.0,153.0,232.0,,0.02030189290632798,177,52.832882939340614,48.56147343410827,31.8924930314546,23.054896773566227
83,200,4,0.1,0.3,0.05,335,356.0,108.0,199.0,,0.025786194676157472,178,36.73021542337332,30.39231268739228,31.8924930314546,23.054896773566227
75,200,4,0.1,0.3,0.05,378,375.0,193.0,282.0,,0.00797308646097833,179,34.99871428491109,24.079206690899955,31.8924930314546,23.054896773566227
74,200,4,0.1,0.3,0.05,378,413.0,197.0,286.0,,0.008075534744098892,180,35.09022177624556,27.836174009954284,31.8924930314546,23.054896773566227
72,200,4,0.1,0.3,0.05,352,412.0,198.0,315.0,,0.009215534172600374,181,31.37322195006931,26.581015911863844,31.37322195006931,23.054896773566227
74,200,4,0.1,0.3,0.05,375,417.0,201.0,314.0,,0.009510042669135724,182,35.39077059570757,26.60287071600359,31.37322195006931,23.054896773566227
73,200,4,0.1,0.3,0.05,377,423.0,196.0,304.0,,0.009700691283630141,183,50.030956433406736,36.759599420266106,31.37322195006931,23.054896773566227
66,200,4,0.1,0.3,0.05,366,434.0,204.0,316.0,,0.012231196541299642,184,33.71089250428129,26.0934803277249,31.37322195006931,23.054896773566227
67,200,4,0.1,0.3,0.05,367,415.0,205.0,315.0,,0.012006113570474852,185,39.12551490036804,27.521957001568122,31.37322195006931,23.054896773566227
68,200,4,0.1,0.3,0.05,384,431.0,187.0,292.0,,0.008356206776355148,186,36.45916616635536,25.144183650559988,31.37322195006931,23.054896773566227
78,200,4,0.1,0.3,0.05,395,407.0,197.0,322.0,,0.01120696790933208,187,38.154533606301314,28.214378386527795,31.37322195006931,23.054896773566227
64,200,4,0.1,0.3,0.05,373,449.0,210.0,311.0,,0.009340390579012536,188,41.5639796019703,32.769085527581936,31.37322195006931,23.054896773566227
73,200,4,0.1,0.3,0.05,379,434.0,180.0,296.0,,0.012693200420409832,189,38.71484412911382,30.97947064780574,31.37322195006931,23.054896773566227
79,200,4,0.1,0.3,0.05,351,403.0,195.0,264.0,,0.01580372709288748,190,37.96707701203322,27.572532046631956,31.37322195006931,23.054896773566227
85,200,4,0.1,0.3,0.05,395,451.0,212.0,156.0,,0.04896096911560928,191,51.83163256902669,38.511089272629526,31.37322195006931,23.054896773566227
74,200,4,0.1,0.3,0.05,360,344.0,185.0,272.0,,0.014017644841881723,192,35.187680150525814,26.546161919460697,31.37322195006931,23.054896773566227
71,200,4,0.1,0.3,0.05,364,362.0,182.0,275.0,,0.009823857025154694,193,40.194770086336135,30.01601080753421,31.37322195006931,23.054896773566227
76,200,4,0.1,0.3,0.05,380,342.0,187.0,245.0,,0.007866258801077074,194,36.70802115692238,29.19510671075974,31.37322195006931,23.054896773566227
66,200,4,0.1,0.3,0.05,299,469.0,203.0,286.0,,0.01330236325575698,195,39.008995721961554,29.989854068439765,31.37322195006931,23.054896773566227
78,200,4,0.1,0.3,0.05,402,416.0,163.0,269.0,,0.016627184475868945,196,37.587984317935685,27.28801262726892,31.37322195006931,23.054896773566227
86,200,4,0.1,0.3,0.05,434,382.0,221.0,296.0,,0.00024145265281361248,197,48.07983438974361,35.29990046056798,31.37322195006931,23.054896773566227
73,200,4,0.1,0.3,0.05,418,326.0,189.0,258.0,,0.011046301285022752,198,40.8420932724626,29.285918323169167,31.37322195006931,23.054896773566227
62,200,4,0.1,0.3,0.05,365,355.0,201.0,306.0,,0.008204888397594725,199,37.368452712648775,25.49128897731662,31.37322195006931,23.054896773566227
69,200,4,0.1,0.3,0.05,393,334.0,211.0,321.0,,0.013438649838478367,200,47.92516344243375,38.524954547164185,31.37322195006931,23.054896773566227
81,200,4,0.1,0.3,0.05,351,365.0,179.0,272.0,,0.009907554541240444,201,40.44810887305461,28.60623474083411,31.37322195006931,23.054896773566227
75,200,4,0.1,0.3,0.3,359,344.0,174.0,197.0,,0.014664662356668206,202,41.17554691642049,33.79364133480129,31.37322195006931,23.054896773566227
75,200,4,0.1,0.3,0.05,374,345.0,168.0,245.0,,0.012049103940327724,203,38.893638201421865,28.45368142296043,31.37322195006931,23.054896773566227
85,200,4,0.1,0.3,0.2,356,351.0,193.0,285.0,,0.017364061811639703,204,52.41833917376343,38.45257221039065,31.37322195006931,23.054896773566227
69,200,4,0.1,0.3,0.05,336,372.0,223.0,249.0,,0.007308924276770859,205,37.06054962841881,26.43700148591414,31.37322195006931,23.054896773566227
79,200,4,0.1,0.3,0.05,388,356.0,203.0,261.0,,0.022477189492913264,206,46.11551011382579,33.8176063812537,31.37322195006931,23.054896773566227
94,200,4,0.1,0.3,0.5,409,441.0,188.0,228.0,,0.015009537980924432,207,37.46287750041911,25.74932208573737,31.37322195006931,23.054896773566227
72,200,4,0.1,0.3,0.3,190,327.0,176.0,212.0,,0.00956077831816058,208,34.39514408587543,26.069468530091306,31.37322195006931,23.054896773566227
71,200,4,0.1,0.3,0.05,215,320.0,215.0,310.0,,0.00870224261376973,209,38.194359106605276,27.44894103775752,31.37322195006931,23.054896773566227
64,200,4,0.5,0.3,0.05,139,332.0,179.0,180.0,,0.010646624129214955,210,58.477092397421735,43.19134820980334,31.37322195006931,23.054896773566227
83,200,4,0.1,0.3,0.05,176,339.0,197.0,205.0,,0.00655793301288176,211,38.48066013517198,28.77245913247273,31.37322195006931,23.054896773566227
77,200,4,0.1,0.3,0.3,381,363.0,164.0,216.0,,0.0118862870025059,212,41.852865474696216,33.405260109316565,31.37322195006931,23.054896773566227
73,200,4,0.1,0.3,0.05,371,347.0,175.0,281.0,,0.009731345542514785,213,46.44744213756684,33.28992809835051,31.37322195006931,23.054896773566227
88,200,4,0.1,0.3,0.3,398,427.0,207.0,228.0,,0.014068442001824319,214,36.92973868815839,27.384579753437126,31.37322195006931,23.054896773566227
80,200,4,0.1,0.3,0.3,419,374.0,144.0,295.0,,0.007965630738975972,215,38.9212020562199,27.389181112345234,31.37322195006931,23.054896773566227
67,200,4,0.1,0.3,0.3,344,350.0,160.0,267.0,,0.017842355793986443,216,48.4841615792193,41.50270341795954,31.37322195006931,23.054896773566227
74,200,4,0.1,0.3,0.2,93,330.0,189.0,187.0,,0.011933332887232773,217,40.72195924668567,29.401101590959804,31.37322195006931,23.054896773566227
60,200,4,0.1,0.3,0.3,360,359.0,241.0,171.0,,0.029935276443446703,218,41.31566978966021,33.51823624473287,31.37322195006931,23.054896773566227
89,200,4,0.1,0.3,0.05,388,384.0,172.0,331.0,,0.009978622115091103,219,52.819515608886654,39.91493978696866,31.37322195006931,23.054896773566227
83,200,4,0.1,0.2,0.05,17,400.0,196.0,205.0,,0.014417248046865328,220,51.42846492040665,39.98437880547926,31.37322195006931,23.054896773566227
76,200,4,0.1,0.3,0.05,408,343.0,220.0,253.0,,0.02031091714852588,221,53.31598425796151,46.17695127838038,31.37322195006931,23.054896773566227
82,200,4,0.1,0.3,0.05,348,394.0,153.0,279.0,,0.008400306443016602,222,34.5416326623823,23.781144399607406,31.37322195006931,23.054896773566227
80,200,4,0.1,0.3,0.05,349,415.0,183.0,275.0,,0.0077987252673976945,223,34.685957327735736,26.242171964899654,31.37322195006931,23.054896773566227
83,200,4,0.1,0.3,0.05,367,417.0,184.0,273.0,,0.006771205744217629,224,42.36597349484722,27.64004698220593,31.37322195006931,23.054896773566227
79,200,4,0.1,0.3,0.05,307,407.0,153.0,290.0,,0.008849643310515999,225,37.51085651129316,25.41308565409513,31.37322195006931,23.054896773566227
71,200,4,0.1,0.3,0.05,427,392.0,503.0,277.0,,0.0074549858158542565,226,35.97391860223932,25.707270750722415,31.37322195006931,23.054896773566227
69,200,4,0.1,0.3,0.05,432,401.0,209.0,278.0,,0.007257619399506107,227,41.0012381460948,31.872632627612496,31.37322195006931,23.054896773566227
70,200,4,0.1,0.3,0.05,353,391.0,483.0,300.0,,0.00856770902127399,228,37.6135476581205,27.069478559746006,31.37322195006931,23.054896773566227
130,200,4,0.1,0.3,0.05,426,411.0,203.0,263.0,,0.0059991662995369415,229,32.88624522042292,21.906907021086866,31.37322195006931,21.906907021086866
126,200,4,0.1,0.3,0.05,431,423.0,226.0,262.0,,0.006273749005353015,230,32.573997764232445,23.7793788140447,31.37322195006931,21.906907021086866
135,200,4,0.1,0.3,0.05,419,426.0,227.0,260.0,,0.005675753374578167,231,66.4760677270995,51.25226669985604,31.37322195006931,21.906907021086866
141,200,4,0.1,0.3,0.05,434,415.0,462.0,268.0,,0.006827112990417852,232,44.78554492951025,32.91079132563356,31.37322195006931,21.906907021086866
123,200,4,0.1,0.3,0.05,417,408.0,507.0,280.0,,0.008058828035117403,233,34.944719633226306,26.705289638185192,31.37322195006931,21.906907021086866
124,200,4,0.1,0.3,0.05,331,409.0,425.0,257.0,,0.006496455697427471,234,46.35011454293998,37.828953691123644,31.37322195006931,21.906907021086866
128,200,4,0.1,0.3,0.05,345,420.0,204.0,286.0,,0.010687478469765959,235,40.31270218194543,26.4844386489445,31.37322195006931,21.906907021086866
144,200,4,0.1,0.3,0.05,416,405.0,211.0,266.0,,0.007736182940074787,236,38.06961323175614,28.316256602563026,31.37322195006931,21.906907021086866
121,200,4,0.1,0.3,0.05,376,436.0,234.0,239.0,,0.009324747490726358,237,34.287533740460795,23.417912470043948,31.37322195006931,21.906907021086866
130,200,4,0.1,0.3,0.05,269,434.0,230.0,338.0,,0.009119233636181853,238,36.83918819798749,25.66151197945896,31.37322195006931,21.906907021086866
116,200,4,0.1,0.3,0.05,442,439.0,238.0,320.0,,0.006269733282122018,239,34.223632526120085,24.376259706624825,31.37322195006931,21.906907021086866
114,200,4,0.1,0.3,0.05,439,453.0,237.0,322.0,,0.005652672026049142,240,40.94044534427515,36.86440244595503,31.37322195006931,21.906907021086866
124,200,4,0.1,0.3,0.05,241,435.0,223.0,317.0,,0.006486406362161978,241,44.38271176506818,31.230619353475717,31.37322195006931,21.906907021086866
134,200,4,0.1,0.3,0.05,426,444.0,237.0,304.0,,0.008770576510142089,242,56.47064190947528,44.135241913469585,31.37322195006931,21.906907021086866
113,200,4,0.1,0.3,0.05,369,425.0,250.0,238.0,,0.010893807010809126,243,36.41974530077775,25.2696831912911,31.37322195006931,21.906907021086866
122,200,4,0.1,0.3,0.05,375,459.0,220.0,275.0,,0.0075558015766879014,244,35.461162758176656,25.451038198214352,31.37322195006931,21.906907021086866
131,200,4,0.1,0.3,0.05,376,464.0,223.0,276.0,,0.005823266207415307,245,39.385156065685166,28.313131971264575,31.37322195006931,21.906907021086866
123,200,4,0.1,0.3,0.05,358,444.0,213.0,291.0,,0.00789191455058807,246,43.676002914918115,31.998241260931273,31.37322195006931,21.906907021086866
119,200,4,0.1,0.3,0.2,440,423.0,213.0,269.0,,0.007554435672575357,247,34.44242787468486,24.6872369847539,31.37322195006931,21.906907021086866
125,200,4,0.5,0.3,0.2,442,470.0,227.0,280.0,,0.006549560263032211,248,44.79338606507703,31.78032635871727,31.37322195006931,21.906907021086866
119,200,4,0.1,0.3,0.2,441,483.0,212.0,267.0,,0.009691469072498526,249,37.29700787052279,24.83057390518423,31.37322195006931,21.906907021086866
127,200,4,0.1,0.3,0.2,431,430.0,202.0,296.0,,0.007716220529634662,250,40.93193674549319,27.325007582291384,31.37322195006931,21.906907021086866
117,200,4,0.1,0.3,0.2,380,416.0,242.0,310.0,,0.011413804283067956,251,37.007542110090675,25.038676174700516,31.37322195006931,21.906907021086866
120,200,4,0.1,0.3,0.2,419,440.0,218.0,286.0,,0.00503623756232553,252,34.99642208979316,24.490512484156895,31.37322195006931,21.906907021086866
119,200,4,0.1,0.2,0.2,434,433.0,416.0,287.0,,0.004631481019911276,253,34.10763975877801,23.150721404117906,31.37322195006931,21.906907021086866
121,200,4,0.1,0.2,0.2,429,459.0,456.0,285.0,,0.004715363639163588,254,40.438611642094656,26.17131838350124,31.37322195006931,21.906907021086866
106,200,4,0.1,0.2,0.2,440,440.0,430.0,327.0,,0.0050148315846078725,255,36.90360261519827,25.83252810617072,31.37322195006931,21.906907021086866
118,200,4,0.1,0.2,0.2,418,425.0,233.0,298.0,,0.0058006191151577366,256,36.38199494559914,24.145519526874768,31.37322195006931,21.906907021086866
112,200,4,0.1,0.2,0.2,425,434.0,220.0,274.0,,0.0052042205705995015,257,30.392704113751122,20.458022787577153,30.392704113751122,20.458022787577153
116,200,4,0.1,0.2,0.2,168,445.0,405.0,252.0,,0.004942715236760951,258,36.61737029850959,27.125490173890103,30.392704113751122,20.458022787577153
111,200,4,0.1,0.2,0.2,436,431.0,220.0,271.0,,0.005899365899310287,259,41.843324113694266,30.55087974292325,30.392704113751122,20.458022787577153
121,200,4,0.1,0.2,0.2,445,411.0,247.0,309.0,,0.004355353296840822,260,35.867157674238115,22.198542111716947,30.392704113751122,20.458022787577153
107,200,4,0.1,0.2,0.2,430,453.0,486.0,355.0,,0.006582564039351721,261,34.963716677835194,23.763993054945285,30.392704113751122,20.458022787577153
113,200,4,0.1,0.2,0.2,426,417.0,486.0,357.0,,0.00522064859102973,262,40.00424169677861,28.314431277398285,30.392704113751122,20.458022787577153
107,200,4,0.1,0.2,0.2,424,436.0,508.0,338.0,,7.897038228716533e-05,263,175.2260617861858,166.47229927048502,30.392704113751122,20.458022787577153
103,200,4,0.2,0.2,0.2,446,422.0,186.0,378.0,,0.006339733422439439,264,43.91244402618115,35.18138039490303,30.392704113751122,20.458022787577153
129,200,4,0.1,0.3,0.2,437,450.0,205.0,363.0,,0.006747230615470969,265,41.81844515968198,29.172346865697712,30.392704113751122,20.458022787577153
119,200,4,0.1,0.2,0.5,429,435.0,494.0,289.0,,0.003896465235319578,266,32.9325885292531,24.936564641902528,30.392704113751122,20.458022787577153
109,200,4,0.1,0.2,0.5,430,437.0,485.0,288.0,,0.003858530128662897,267,37.22251231263751,29.069033914729236,30.392704113751122,20.458022787577153
118,200,4,0.1,0.2,0.2,410,399.0,231.0,259.0,,0.004948558738274068,268,34.359590301663026,22.302012348990125,30.392704113751122,20.458022787577153
118,200,4,0.1,0.2,0.5,455,405.0,491.0,262.0,,0.00454698504066977,269,33.350348063384565,22.940669831136958,30.392704113751122,20.458022787577153
116,200,4,0.1,0.2,0.5,448,403.0,489.0,257.0,,0.004228794095235756,270,32.14223967901697,21.203988097064656,30.392704113751122,20.458022787577153
117,200,4,0.1,0.2,0.5,463,400.0,495.0,252.0,,0.00440423177341557,271,36.10066538968032,24.808440205522952,30.392704113751122,20.458022787577153
120,200,4,0.1,0.2,0.5,454,396.0,494.0,259.0,,0.0037560533730744915,272,34.38452884441433,21.619718346217205,30.392704113751122,20.458022787577153
119,200,4,0.1,0.2,0.5,454,400.0,473.0,257.0,,0.003466650890615798,273,34.69469880634436,24.9254248277888,30.392704113751122,20.458022787577153
118,200,4,0.1,0.2,0.5,452,398.0,470.0,261.0,,0.00354879739380579,274,36.5751332212412,24.800781004435283,30.392704113751122,20.458022787577153
112,200,4,0.1,0.2,0.5,454,405.0,496.0,254.0,,0.004173871682673515,275,38.646966272003766,27.728058193357374,30.392704113751122,20.458022787577153
121,200,4,0.1,0.2,0.5,457,426.0,475.0,257.0,,0.0035885471026667736,276,36.94438486878745,25.237503259374915,30.392704113751122,20.458022787577153
125,200,4,0.5,0.2,0.5,445,410.0,508.0,265.0,,0.0050520470408140505,277,46.68295727874207,32.90885967022814,30.392704113751122,20.458022787577153
114,200,5,0.1,0.2,0.5,445,441.0,489.0,249.0,365.0,0.004207983498130278,278,40.54254876303326,28.709651354308708,30.392704113751122,20.458022787577153
132,200,4,0.1,0.2,0.5,435,396.0,510.0,238.0,,0.004774859223424946,279,36.26130045055069,23.386490739422065,30.392704113751122,20.458022787577153
126,200,4,0.1,0.2,0.5,468,432.0,476.0,263.0,,0.005375253103759715,280,36.5792585544199,25.87518707257232,30.392704113751122,20.458022787577153
119,200,4,0.1,0.2,0.5,453,450.0,499.0,271.0,,0.0037715440116774484,281,36.873364681897655,25.990253481954397,30.392704113751122,20.458022787577153
110,200,4,0.1,0.2,0.5,424,421.0,492.0,246.0,,0.0031867510801250557,282,45.19926238502847,35.57756415063698,30.392704113751122,20.458022787577153
137,200,1,0.1,0.2,0.5,460,,,,,0.004652706821447209,283,123.68518635534693,117.2150044969513,30.392704113751122,20.458022787577153
116,200,4,0.1,0.2,0.5,436,410.0,478.0,260.0,,0.005616413662305308,284,37.26974970152143,29.89432459413226,30.392704113751122,20.458022787577153
122,200,4,0.1,0.2,0.5,420,428.0,497.0,276.0,,0.003765810439602319,285,36.75139637679543,24.78721342970061,30.392704113751122,20.458022787577153
127,200,4,0.1,0.2,0.5,442,391.0,490.0,266.0,,0.005945372476024891,286,37.35498568462975,24.767573975012745,30.392704113751122,20.458022787577153
110,200,4,0.2,0.2,0.2,411,441.0,479.0,299.0,,0.004744640316102714,287,41.824932803491315,33.60407146897312,30.392704113751122,20.458022787577153
104,200,4,0.1,0.2,0.5,429,477.0,442.0,226.0,,1.7418986560866585e-05,288,215.3614981878593,209.0471685541153,30.392704113751122,20.458022787577153
118,200,4,0.1,0.2,0.2,446,402.0,463.0,347.0,,0.005896966335826454,289,33.550135351574504,24.313452354140434,30.392704113751122,20.458022787577153
113,200,4,0.1,0.2,0.5,457,401.0,465.0,334.0,,0.006464165508082492,290,31.801614057091903,21.96375925457488,30.392704113751122,20.458022787577153
114,200,4,0.1,0.2,0.5,459,399.0,451.0,333.0,,0.006511445046909993,291,40.76868097609777,31.96610168593885,30.392704113751122,20.458022787577153
117,200,4,0.1,0.2,0.5,447,406.0,466.0,340.0,,0.003144140702704876,292,41.254256717793524,29.365672573037273,30.392704113751122,20.458022787577153
128,200,4,0.1,0.2,0.5,465,392.0,462.0,343.0,,0.004085399386069226,293,33.750312107845865,24.03454449163553,30.392704113751122,20.458022787577153
160,200,4,0.1,0.2,0.5,469,387.0,465.0,350.0,,0.0036863787697642147,294,47.278756063500296,32.58660973746076,30.392704113751122,20.458022787577153
138,200,4,0.1,0.2,0.5,464,395.0,460.0,343.0,,0.004360236055523274,295,34.027764209312515,24.063587088955632,30.392704113751122,20.458022787577153
139,200,4,0.1,0.2,0.5,464,419.0,445.0,345.0,,0.0044801487084827705,296,38.999151271102775,27.67840928637757,30.392704113751122,20.458022787577153
133,200,4,0.5,0.2,0.5,473,392.0,452.0,329.0,,0.005845115849317404,297,44.30571530065867,33.04462033005208,30.392704113751122,20.458022787577153
144,200,4,0.1,0.2,0.5,458,388.0,435.0,320.0,,0.0043942991204691225,298,45.95362021835755,31.834195457312727,30.392704113751122,20.458022787577153
129,200,4,0.1,0.2,0.5,448,415.0,467.0,329.0,,0.005275849560751186,299,37.43070075731094,27.744353321707028,30.392704113751122,20.458022787577153
148,200,4,0.1,0.2,0.5,441,405.0,457.0,109.0,,0.0066492280597426415,300,35.659260125306645,24.973723000489013,30.392704113751122,20.458022787577153
133,200,4,0.1,0.5,0.5,315,424.0,441.0,345.0,,0.004262436733601069,301,37.26592067362844,26.378554533463223,30.392704113751122,20.458022787577153
126,200,4,0.1,0.2,0.5,287,384.0,238.0,342.0,,0.005458999532701631,302,39.1106593624272,29.78576876810647,30.392704113751122,20.458022787577153
137,200,4,0.1,0.2,0.5,464,412.0,409.0,319.0,,0.007032834773582103,303,35.354226840777656,25.340747141669443,30.392704113751122,20.458022787577153
114,200,4,0.1,0.2,0.2,450,395.0,231.0,233.0,,0.005978163722091236,304,33.90572308419974,27.096088560505045,30.392704113751122,20.458022787577153
113,200,4,0.1,0.2,0.2,477,397.0,252.0,230.0,,0.005371113906383222,305,35.51315152815345,24.66945161443164,30.392704113751122,20.458022787577153
101,200,4,0.1,0.2,0.2,451,386.0,230.0,354.0,,0.0040558660510927914,306,41.2117640855703,30.467375654311468,30.392704113751122,20.458022787577153
122,200,4,0.1,0.2,0.2,215,396.0,261.0,219.0,,0.0059468270962591335,307,33.21362824591807,24.1668049242371,30.392704113751122,20.458022787577153
124,200,4,0.1,0.2,0.2,462,429.0,260.0,367.0,,0.005103230476150433,308,43.630006284074405,32.80903694501805,30.392704113751122,20.458022787577153
115,200,4,0.1,0.2,0.2,232,401.0,422.0,233.0,,0.0033372584557294204,309,45.242458233114576,32.7114949585082,30.392704113751122,20.458022787577153
129,200,4,0.1,0.2,0.2,188,418.0,245.0,214.0,,0.0027890191838802433,310,42.835838205065386,27.43470824717503,30.392704113751122,20.458022787577153
118,200,4,0.1,0.2,0.2,213,382.0,264.0,225.0,,0.0058104224792252445,311,37.864744953445566,24.656817299039286,30.392704113751122,20.458022787577153
109,200,4,0.1,0.4,0.2,201,408.0,239.0,239.0,,0.004471010484840708,312,39.55489064279492,29.68319839085526,30.392704113751122,20.458022787577153
122,200,4,0.2,0.2,0.2,447,434.0,459.0,332.0,,0.006415496870287414,313,37.148558326203144,24.868827784519848,30.392704113751122,20.458022787577153
127,200,4,0.1,0.2,0.2,444,397.0,482.0,246.0,,0.003795936896712174,314,42.806892270512954,31.37492493992894,30.392704113751122,20.458022787577153
112,200,4,0.1,0.2,0.5,184,421.0,253.0,219.0,,0.005122410913998126,315,34.28883542016648,23.714779904469133,30.392704113751122,20.458022787577153
112,200,4,0.1,0.2,0.5,180,402.0,256.0,222.0,,0.004780735318904049,316,41.14002916959634,28.808379074673798,30.392704113751122,20.458022787577153
153,200,4,0.1,0.2,0.5,178,412.0,243.0,212.0,,0.003939940305361357,317,43.128314613305875,27.648917652585176,30.392704113751122,20.458022787577153
109,200,4,0.1,0.2,0.5,195,430.0,230.0,235.0,,0.0005290969404822581,318,45.25916227819024,32.53094807830403,30.392704113751122,20.458022787577153
133,200,4,0.1,0.2,0.4,167,390.0,267.0,48.0,,0.006067848364570216,319,38.27846646522173,28.041852902395114,30.392704113751122,20.458022787577153
105,200,4,0.1,0.2,0.5,205,376.0,253.0,323.0,,0.004987395023028487,320,36.11220377315895,26.537235376148992,30.392704113751122,20.458022787577153
115,200,4,0.1,0.2,0.5,223,420.0,469.0,217.0,,0.003302641241310229,321,45.738932046816615,35.37827198726809,30.392704113751122,20.458022787577153
124,200,4,0.5,0.2,0.5,255,448.0,498.0,201.0,,0.004315602756789154,322,54.36051748562565,41.01808518077799,30.392704113751122,20.458022787577153
120,200,4,0.1,0.2,0.5,467,406.0,478.0,245.0,,0.005751619887229869,323,42.54773723763704,30.340870447534435,30.392704113751122,20.458022787577153
112,200,4,0.1,0.2,0.5,433,435.0,375.0,339.0,,0.0026613759821162847,324,36.51799110402795,24.76113549854083,30.392704113751122,20.458022787577153
100,200,4,0.1,0.2,0.5,153,394.0,231.0,227.0,,0.006591161795210592,325,36.5034426180809,25.87982580963857,30.392704113751122,20.458022787577153
131,200,4,0.1,0.2,0.5,196,414.0,397.0,310.0,,0.004990873540323538,326,35.03158312309022,23.02989705964255,30.392704113751122,20.458022787577153
123,200,4,0.1,0.2,0.3,187,424.0,249.0,362.0,,0.07907425052101016,327,43.67801387907685,34.67016043444869,30.392704113751122,20.458022787577153
116,200,4,0.1,0.5,0.2,456,385.0,240.0,349.0,,0.0037310630416699797,328,35.19836745778643,22.50042107009367,30.392704113751122,20.458022787577153
108,200,5,0.1,0.2,0.5,482,403.0,491.0,239.0,420.0,0.005726659609860573,329,47.24412931119802,33.22601771711489,30.392704113751122,20.458022787577153
118,200,4,0.1,0.2,0.2,153,444.0,227.0,252.0,,0.007152664492200564,330,37.70351672861402,28.375365504782764,30.392704113751122,20.458022787577153
240,200,4,0.1,0.2,0.5,471,455.0,450.0,315.0,,0.0047301483527802425,331,47.61094801793901,32.936759776156094,30.392704113751122,20.458022787577153
127,200,4,0.1,0.2,0.4,437,410.0,471.0,220.0,,0.0030988792249622824,332,36.505030165213405,26.178421593178218,30.392704113751122,20.458022787577153
182,200,4,0.1,0.2,0.5,454,428.0,460.0,328.0,,0.0040313738453112155,333,39.435130966096594,27.788248714291534,30.392704113751122,20.458022787577153
138,200,4,0.1,0.4,0.2,426,380.0,501.0,306.0,,0.007351513447959296,334,33.81686051632376,23.284798084891325,30.392704113751122,20.458022787577153
137,200,4,0.1,0.4,0.2,426,378.0,499.0,300.0,,0.007076595199349293,335,33.11348882027963,25.330354544477526,30.392704113751122,20.458022787577153
147,200,4,0.1,0.4,0.2,427,378.0,506.0,299.0,,0.007097503669722331,336,41.60071527632846,30.526891382403896,30.392704113751122,20.458022787577153
142,200,4,0.1,0.4,0.2,412,375.0,512.0,305.0,,0.006035309273184645,337,40.06375237803178,28.01292467626893,30.392704113751122,20.458022787577153
140,200,4,0.1,0.4,0.2,425,384.0,499.0,307.0,,0.0084222267029979,338,40.84001376758346,31.115781686519092,30.392704113751122,20.458022787577153
140,200,4,0.1,0.4,0.2,435,389.0,484.0,317.0,,0.006418229156663761,339,39.38708877293875,26.49187693427329,30.392704113751122,20.458022787577153
154,200,4,0.2,0.4,0.2,410,402.0,233.0,292.0,,0.005089362184388969,340,46.58322098383304,30.668068895696827,30.392704113751122,20.458022787577153
105,200,4,0.1,0.4,0.2,424,420.0,501.0,302.0,,0.007214456421643319,341,38.14367189733393,24.554790026205765,30.392704113751122,20.458022787577153
136,200,4,0.1,0.4,0.2,433,435.0,483.0,336.0,,0.00947032985925237,342,36.227872079062585,24.94069382350775,30.392704113751122,20.458022787577153
137,200,4,0.1,0.4,0.2,403,371.0,218.0,323.0,,0.005609894106666963,343,36.329804743120064,25.857832598375452,30.392704113751122,20.458022787577153
130,200,4,0.1,0.4,0.2,446,390.0,67.0,292.0,,0.007467896936511888,344,36.777775565958514,26.034105981198213,30.392704113751122,20.458022787577153
124,200,4,0.1,0.4,0.2,418,413.0,245.0,314.0,,0.008909058390349776,345,47.731387233928245,37.93738788507708,30.392704113751122,20.458022787577153
134,200,4,0.4,0.2,0.2,439,398.0,260.0,329.0,,0.004860825497736924,346,62.51583577061188,44.92712611803758,30.392704113751122,20.458022787577153
146,200,4,0.1,0.5,0.2,427,382.0,222.0,297.0,,0.006310026161717188,347,45.51385762437742,31.91332632948912,30.392704113751122,20.458022787577153
129,200,4,0.5,0.2,0.2,121,441.0,512.0,352.0,,0.0076115106093851735,348,72.19849180684986,53.10991390984545,30.392704113751122,20.458022787577153
113,200,4,0.1,0.2,0.2,448,423.0,473.0,310.0,,0.005506037200757123,349,39.05073058943397,25.59259252339136,30.392704113751122,20.458022787577153
136,200,4,0.1,0.4,0.2,463,409.0,277.0,344.0,,0.010615583409714418,350,34.4068667573546,25.200993851628805,30.392704113751122,20.458022787577153
122,200,4,0.1,0.2,0.4,407,458.0,230.0,283.0,,0.004222012569675413,351,33.997699019828566,26.033765089254647,30.392704113751122,20.458022787577153
127,200,4,0.1,0.2,0.4,440,491.0,489.0,285.0,,0.004086002274660377,352,38.681680831493665,26.876638362725245,30.392704113751122,20.458022787577153
122,200,4,0.1,0.2,0.4,420,464.0,417.0,292.0,,0.008820324701802773,353,37.67391445201869,25.458255303444407,30.392704113751122,20.458022787577153
130,200,4,0.1,0.2,0.5,475,445.0,436.0,313.0,,0.006557144237581316,354,34.42977269481317,22.924992715492472,30.392704113751122,20.458022787577153
58,200,4,0.1,0.2,0.4,430,434.0,237.0,327.0,,0.004423767676284379,355,35.0417193841827,24.989611373299358,30.392704113751122,20.458022787577153
111,200,4,0.1,0.4,0.4,405,452.0,222.0,302.0,,0.0032621816686640524,356,40.82681506531964,31.909260161543664,30.392704113751122,20.458022787577153
116,200,4,0.1,0.2,0.5,459,426.0,465.0,279.0,,0.011502060355417594,357,37.80347606238611,30.799438834442952,30.392704113751122,20.458022787577153
134,200,4,0.1,0.2,0.4,447,455.0,19.0,335.0,,0.00738504040434312,358,57.62546255436248,44.98379721557129,30.392704113751122,20.458022787577153
122,200,4,0.1,0.2,0.4,434,470.0,254.0,287.0,,0.005895450375454144,359,41.90271950390639,30.506597585973008,30.392704113751122,20.458022787577153
141,200,4,0.1,0.2,0.5,414,436.0,497.0,270.0,,0.00030696355819967284,360,75.69677843225661,63.08915318454456,30.392704113751122,20.458022787577153
97,200,4,0.1,0.2,0.5,450,413.0,217.0,233.0,,0.0043770197634267925,361,40.7287347429966,30.591098817720788,30.392704113751122,20.458022787577153
126,200,4,0.1,0.2,0.4,468,420.0,210.0,320.0,,0.005270360235434051,362,33.22251920864293,22.124508026646986,30.392704113751122,20.458022787577153
126,200,4,0.2,0.5,0.4,61,457.0,213.0,316.0,,0.008479770700841993,363,40.194321467601874,31.26153212462916,30.392704113751122,20.458022787577153
220,200,4,0.1,0.4,0.2,480,393.0,448.0,373.0,,0.006021577568764007,364,38.60325922971206,26.83536699665101,30.392704113751122,20.458022787577153
128,200,4,0.1,0.2,0.4,474,215.0,204.0,322.0,,0.010031234679660219,365,38.79298469618141,26.496959523120815,30.392704113751122,20.458022787577153
134,200,4,0.1,0.2,0.4,465,374.0,480.0,304.0,,0.007107610818709035,366,42.118336059034924,29.527561332122872,30.392704113751122,20.458022787577153
120,200,2,0.1,0.2,0.4,458,406.0,,,,0.004005623894217102,367,55.90625410631465,40.695624007891205,30.392704113751122,20.458022787577153
124,200,4,0.1,0.2,0.4,442,441.0,226.0,509.0,,0.0051828610069269395,368,53.29567497105366,43.962056795751145,30.392704113751122,20.458022787577153
131,200,5,0.1,0.2,0.4,425,430.0,491.0,341.0,214.0,0.0028648121259260773,369,45.37424610529462,31.132915369405215,30.392704113751122,20.458022787577153
63,200,4,0.1,0.4,0.4,468,419.0,92.0,296.0,,0.008280928317052705,370,33.03253967249895,22.758200722712523,30.392704113751122,20.458022787577153
63,200,4,0.4,0.4,0.4,487,417.0,458.0,305.0,,0.006379485481931707,371,40.95745759577829,32.04100772689813,30.392704113751122,20.458022787577153
61,200,4,0.1,0.4,0.4,467,405.0,207.0,293.0,,0.003442120200866051,372,37.92099599069889,23.977238655637397,30.392704113751122,20.458022787577153
55,200,4,0.1,0.4,0.4,456,393.0,474.0,285.0,,0.00758780530062721,373,37.92954427012684,30.021069080366157,30.392704113751122,20.458022787577153
66,200,4,0.5,0.4,0.4,472,382.0,502.0,322.0,,0.005515699181914159,374,46.025070325391724,35.151284859604615,30.392704113751122,20.458022787577153
140,200,4,0.1,0.4,0.4,438,415.0,212.0,295.0,,0.01219461818418167,375,44.93556072277945,33.43996237664981,30.392704113751122,20.458022787577153
116,200,4,0.1,0.4,0.4,479,400.0,101.0,357.0,,0.004502701893358266,376,34.44329967645711,22.983292044138327,30.392704113751122,20.458022787577153
137,200,4,0.1,0.2,0.2,452,366.0,483.0,311.0,,0.008080323886860568,377,37.567621647890995,25.780867920617194,30.392704113751122,20.458022787577153
64,200,4,0.1,0.2,0.4,465,512.0,54.0,278.0,,0.006258635623280041,378,52.744089019632625,40.87902079268767,30.392704113751122,20.458022787577153
131,200,4,0.1,0.4,0.2,434,424.0,36.0,386.0,,0.004832064814272538,379,38.09669592073881,27.998116786444854,30.392704113751122,20.458022787577153
145,200,4,0.1,0.2,0.2,454,384.0,92.0,335.0,,0.003879841452852644,380,41.18095849980121,29.263222786290218,30.392704113751122,20.458022787577153
105,200,4,0.1,0.2,0.4,445,407.0,468.0,302.0,,0.009453319075363011,381,29.512697803171797,22.663262062071507,29.512697803171797,20.458022787577153
103,200,4,0.1,0.2,0.4,420,407.0,464.0,300.0,,0.011561608585046197,382,40.933182031381136,30.370031533650792,29.512697803171797,20.458022787577153
209,200,4,0.1,0.2,0.4,468,394.0,456.0,271.0,,0.01035583443552091,383,44.34863842679547,30.42721628939503,29.512697803171797,20.458022787577153
109,200,4,0.1,0.2,0.4,483,404.0,469.0,286.0,,0.00916701439175396,384,47.84260232608952,34.88249819821942,29.512697803171797,20.458022787577153
151,200,4,0.1,0.2,0.4,445,414.0,121.0,298.0,,0.008220532662175973,385,33.145607404171244,24.512731055887645,29.512697803171797,20.458022787577153
126,200,4,0.1,0.2,0.4,450,229.0,88.0,309.0,,0.008924456269122479,386,38.45379735516396,27.233464075788593,29.512697803171797,20.458022787577153
151,200,4,0.1,0.2,0.4,461,412.0,115.0,301.0,,0.012597233590315865,387,43.228614048454254,29.397438703561036,29.512697803171797,20.458022787577153
149,200,4,0.1,0.2,0.4,444,396.0,490.0,295.0,,0.007678343241383313,388,35.601596612967334,23.02424767380514,29.512697803171797,20.458022787577153
173,200,4,0.1,0.2,0.4,460,386.0,123.0,320.0,,0.009968133775323336,389,42.28181563600471,29.293398610284168,29.512697803171797,20.458022787577153
66,200,4,0.1,0.2,0.4,407,415.0,80.0,347.0,,0.012183692923467125,390,52.18531345556646,40.91652612558909,29.512697803171797,20.458022787577153
106,200,4,0.2,0.4,0.4,473,404.0,202.0,264.0,,0.008367542310422294,391,39.67421337044851,28.67283243209884,29.512697803171797,20.458022787577153
60,200,4,0.1,0.2,0.4,427,394.0,113.0,328.0,,0.006823749177850352,392,44.026404175089354,37.09304136625718,29.512697803171797,20.458022787577153
142,200,4,0.1,0.5,0.4,446,370.0,476.0,280.0,,0.007302569579916584,393,34.90205279889111,23.55239560845015,29.512697803171797,20.458022787577153
134,200,4,0.4,0.2,0.4,289,379.0,101.0,309.0,,0.01019521623842335,394,50.19760326724416,37.22678439459262,29.512697803171797,20.458022787577153
161,200,4,0.1,0.2,0.1,265,419.0,485.0,251.0,,0.008674383487430822,395,45.129022567079105,34.02056235382668,29.512697803171797,20.458022787577153
159,200,4,0.1,0.2,0.4,239,407.0,71.0,271.0,,0.005578009484634371,396,37.6519589662054,23.79193502087297,29.512697803171797,20.458022787577153
155,200,4,0.1,0.4,0.5,415,399.0,501.0,293.0,,0.007094799251140729,397,38.064931429684094,29.327489934021262,29.512697803171797,20.458022787577153
123,200,4,0.1,0.2,0.5,456,419.0,209.0,336.0,,0.013107936685097648,398,45.052464120227626,30.017369157493732,29.512697803171797,20.458022787577153
100,200,4,0.1,0.2,0.4,435,392.0,511.0,315.0,,0.0057879896383827125,399,43.03604404024472,34.77277561101134,29.512697803171797,20.458022787577153
129,200,4,0.5,0.2,0.5,489,408.0,220.0,302.0,,0.00011984847278553069,400,170.74058864556568,161.63590200254257,29.512697803171797,20.458022787577153
113,200,4,0.1,0.2,0.4,469,480.0,470.0,280.0,,0.0023039052722118505,401,37.969589634714474,27.095549201479827,29.512697803171797,20.458022787577153
57,200,4,0.1,0.4,0.5,449,386.0,451.0,365.0,,0.000793097128897029,402,43.65407634516731,32.379609300058576,29.512697803171797,20.458022787577153
137,200,4,0.1,0.2,0.4,438,427.0,58.0,263.0,,0.010820683318726649,403,34.29453657976951,23.031566552966048,29.512697803171797,20.458022787577153
119,200,4,0.1,0.2,0.5,421,25.0,496.0,328.0,,0.00830312735611752,404,36.61930794395721,26.18838830228772,29.512697803171797,20.458022787577153
123,200,4,0.1,0.2,0.5,402,374.0,207.0,291.0,,0.0032937725005682066,405,38.53115747530289,27.450831600410115,29.512697803171797,20.458022787577153
108,200,4,0.1,0.4,0.2,426,413.0,224.0,254.0,,0.006917667482553975,406,51.982270798639796,42.21351827480714,29.512697803171797,20.458022787577153
115,200,4,0.1,0.2,0.05,461,395.0,6.0,343.0,,0.005338529760833715,407,42.02923071489337,32.9836624145695,29.512697803171797,20.458022787577153
127,200,4,0.1,0.2,0.4,445,404.0,197.0,272.0,,0.004251065140087744,408,36.57431862204553,25.384367528515597,29.512697803171797,20.458022787577153
94,200,4,0.1,0.2,0.05,477,419.0,484.0,309.0,,0.009293338683167954,409,42.070676375587496,31.36185801827583,29.512697803171797,20.458022787577153
68,200,4,0.1,0.2,0.5,431,383.0,476.0,320.0,,0.006323577965266622,410,31.652190329093056,24.615373452348493,29.512697803171797,20.458022787577153
168,200,4,0.1,0.4,0.2,411,365.0,478.0,322.0,,0.007389108722653694,411,46.007753693010116,31.10643758337906,29.512697803171797,20.458022787577153
66,200,5,0.1,0.5,0.4,432,374.0,496.0,302.0,102.0,0.006171972254815093,412,41.06831810819967,28.917904860616698,29.512697803171797,20.458022787577153
60,200,4,0.1,0.2,0.1,427,382.0,216.0,317.0,,0.01082006937481446,413,39.44952996398433,30.52476902985566,29.512697803171797,20.458022787577153
66,200,4,0.1,0.2,0.05,417,253.0,129.0,283.0,,0.009065577734029858,414,36.568652162150464,31.95342900015994,29.512697803171797,20.458022787577153
69,200,4,0.2,0.2,0.5,440,424.0,503.0,295.0,,0.0064324765484774955,415,34.96863418427748,24.441349315818726,29.512697803171797,20.458022787577153
63,200,4,0.1,0.2,0.2,399,409.0,487.0,243.0,,0.014560484486003479,416,43.515358923867296,37.84230365228038,29.512697803171797,20.458022787577153
119,200,4,0.1,0.4,0.05,434,312.0,199.0,309.0,,0.007810166989661369,417,32.29165719985357,27.418417455686402,29.512697803171797,20.458022787577153
111,200,4,0.1,0.4,0.05,434,369.0,192.0,311.0,,0.009073327275880061,418,32.13695306025737,22.66474624239426,29.512697803171797,20.458022787577153
106,200,4,0.4,0.4,0.05,433,313.0,193.0,310.0,,0.012391972550255034,419,39.91687730474103,29.788515852301572,29.512697803171797,20.458022787577153
70,200,4,0.1,0.4,0.05,423,367.0,188.0,325.0,,0.009376565131978497,420,40.20691372367002,32.09749129515891,29.512697803171797,20.458022787577153
110,200,1,0.1,0.3,0.05,438,,,,,0.008143101663538332,421,119.9893809289475,113.06081551232792,29.512697803171797,20.458022787577153
116,200,4,0.1,0.4,0.05,429,368.0,198.0,317.0,,0.01160226860289059,422,35.944234731406965,29.004741456532212,29.512697803171797,20.458022787577153
99,200,4,0.1,0.4,0.05,444,335.0,201.0,303.0,,0.00790015054123436,423,36.39069944706554,24.85994628187444,29.512697803171797,20.458022787577153
58,200,4,0.1,0.4,0.05,422,292.0,181.0,329.0,,0.016084951760429223,424,47.60362640263421,38.72219274244878,29.512697803171797,20.458022787577153
120,200,4,0.1,0.4,0.05,452,357.0,188.0,316.0,,0.010886108053498938,425,30.876578551750363,24.366391348701864,29.512697803171797,20.458022787577153
118,200,4,0.1,0.4,0.05,453,324.0,184.0,332.0,,5.1922477908951096e-05,426,203.90320708326976,197.4694664992981,29.512697803171797,20.458022787577153
104,200,4,0.5,0.4,0.05,456,356.0,195.0,319.0,,0.010028163825013614,427,50.82548845060101,35.74273477474139,29.512697803171797,20.458022787577153
112,200,4,0.1,0.4,0.05,446,361.0,206.0,311.0,,0.013177184256674902,428,36.09620068836254,28.286247276448872,29.512697803171797,20.458022787577153
120,200,4,0.1,0.4,0.05,438,357.0,174.0,316.0,,0.011163221795183536,429,33.73529795703002,22.74062503697765,29.512697803171797,20.458022787577153
119,200,4,0.1,0.4,0.05,434,361.0,195.0,300.0,,0.015686351826953746,430,32.88119534036926,24.519507634166455,29.512697803171797,20.458022787577153
111,200,4,0.1,0.4,0.05,435,339.0,189.0,297.0,,0.015619825714066388,431,32.381075371894866,24.525479636913932,29.512697803171797,20.458022787577153
111,200,4,0.1,0.4,0.05,432,356.0,188.0,293.0,,0.024902685440905698,432,40.555294114273096,30.81771579967065,29.512697803171797,20.458022787577153
106,200,4,0.1,0.4,0.05,439,333.0,172.0,298.0,,0.018014721676325004,433,34.986141272182586,26.48643559928006,29.512697803171797,20.458022787577153
115,200,4,0.1,0.4,0.05,445,343.0,45.0,290.0,,0.015665530065321457,434,73.28502818954125,55.90044132569044,29.512697803171797,20.458022787577153
110,200,4,0.1,0.4,0.05,417,319.0,177.0,301.0,,0.015046140204814528,435,36.902482004529716,28.329625536960062,29.512697803171797,20.458022787577153
102,200,4,0.1,0.4,0.05,434,342.0,190.0,273.0,,0.010110949830600655,436,34.80434808627396,25.364660260461473,29.512697803171797,20.458022787577153
116,200,4,0.1,0.4,0.05,451,362.0,163.0,306.0,,0.013887792196160965,437,41.794696994479416,27.720111818008203,29.512697803171797,20.458022787577153
121,200,4,0.1,0.4,0.05,427,353.0,197.0,289.0,,0.012220631257105189,438,38.06361965335381,28.137676496591045,29.512697803171797,20.458022787577153
111,200,4,0.1,0.4,0.05,442,335.0,183.0,265.0,,0.01834431043186143,439,46.42160244436341,36.70041865586694,29.512697803171797,20.458022787577153
118,200,4,0.1,0.4,0.05,457,358.0,201.0,422.0,,0.008922940707844189,440,35.66105765449389,25.418693165495252,29.512697803171797,20.458022787577153
122,200,4,0.2,0.4,0.05,417,304.0,191.0,282.0,,0.01091197118399038,441,39.61184901773117,30.127368969995434,29.512697803171797,20.458022787577153
107,200,4,0.1,0.4,0.05,433,350.0,213.0,306.0,,0.016244559173608702,442,47.54400874224972,38.83293201870155,29.512697803171797,20.458022787577153
114,200,4,0.1,0.4,0.05,444,337.0,207.0,297.0,,0.007906327241774952,443,44.92275785223227,36.56468168999445,29.512697803171797,20.458022787577153
94,200,4,0.1,0.4,0.05,452,367.0,184.0,278.0,,0.009274192349823499,444,35.09375370066103,23.237510002886605,29.512697803171797,20.458022787577153
125,200,4,0.4,0.4,0.05,429,327.0,80.0,317.0,,0.012732131662719392,445,47.11774159238005,34.52082709693761,29.512697803171797,20.458022787577153
119,200,4,0.1,0.4,0.05,439,358.0,197.0,289.0,,0.007014155432259603,446,36.95927916969595,27.31505939314952,29.512697803171797,20.458022787577153
113,200,4,0.1,0.4,0.05,415,371.0,170.0,310.0,,0.008607553960093139,447,49.15127204659449,36.97970909730416,29.512697803171797,20.458022787577153
125,200,4,0.1,0.4,0.05,462,345.0,209.0,256.0,,0.010553201401819803,448,39.80372731324688,28.96316800186796,29.512697803171797,20.458022787577153
199,200,4,0.1,0.4,0.05,450,49.0,189.0,272.0,,0.006817024450688647,449,46.8004331541315,39.699408052518066,29.512697803171797,20.458022787577153
107,200,4,0.1,0.4,0.05,422,378.0,271.0,299.0,,0.007996188710780049,450,38.611845425173826,27.568032937658256,29.512697803171797,20.458022787577153
249,200,4,0.1,0.4,0.05,435,352.0,107.0,329.0,,0.013774589450592754,451,49.70166264548885,38.8527370305285,29.512697803171797,20.458022787577153
102,200,4,0.1,0.5,0.05,469,317.0,205.0,461.0,,0.006163180196359237,452,40.04096732204293,26.596740391538816,29.512697803171797,20.458022787577153
119,200,4,0.5,0.4,0.05,456,366.0,218.0,260.0,,0.022459978642707098,453,58.347990976126326,50.90493070088953,29.512697803171797,20.458022787577153
115,200,4,0.1,0.1,0.05,444,339.0,179.0,287.0,,0.010392711890537235,454,38.193808402992666,30.89203525810383,29.512697803171797,20.458022787577153
123,200,4,0.1,0.3,0.3,429,375.0,198.0,309.0,,0.016293206778831892,455,34.22249787149828,24.982035931363868,29.512697803171797,20.458022787577153
109,200,4,0.1,0.4,0.1,414,364.0,96.0,319.0,,0.005460490900068676,456,36.8778102829524,25.2742433251566,29.512697803171797,20.458022787577153
128,200,4,0.1,0.3,0.05,481,329.0,213.0,298.0,,0.007264882767751408,457,43.6302769523078,29.058461024883435,29.512697803171797,20.458022787577153
90,200,4,0.1,0.4,0.05,438,223.0,188.0,279.0,,0.008270953609800763,458,58.74189539298954,48.45173341603816,29.512697803171797,20.458022787577153
118,200,2,0.1,0.3,0.05,449,424.0,,,,0.009648263658131184,459,50.86005810880579,34.053221726202864,29.512697803171797,20.458022787577153
114,200,4,0.1,0.4,0.05,424,387.0,478.0,264.0,,0.01221956737790233,460,44.765186832327736,37.070008256379126,29.512697803171797,20.458022787577153
97,200,4,0.1,0.3,0.05,460,416.0,160.0,326.0,,0.005361841889534146,461,34.39137025708804,24.22430734006748,29.512697803171797,20.458022787577153
123,200,4,0.1,0.4,0.05,473,245.0,282.0,293.0,,0.006557952740959928,462,33.26783197065377,23.38518780994145,29.512697803171797,20.458022787577153
131,200,4,0.1,0.4,0.05,496,233.0,270.0,288.0,,0.006633549385256564,463,38.57742039633019,26.369041952556685,29.512697803171797,20.458022787577153
125,200,4,0.1,0.4,0.05,483,353.0,279.0,304.0,,0.008856620743737548,464,39.333616554846856,26.064900517355955,29.512697803171797,20.458022787577153
69,200,4,0.1,0.4,0.05,475,210.0,266.0,295.0,,0.007447500059510453,465,35.04457593687249,24.150850382732695,29.512697803171797,20.458022787577153
123,200,4,0.1,0.4,0.05,470,260.0,140.0,276.0,,0.010872028086660665,466,35.15986241442096,24.21828439750806,29.512697803171797,20.458022787577153
127,200,4,0.2,0.4,0.05,487,259.0,198.0,247.0,,0.014019106040130212,467,40.51383022703007,30.6409959498067,29.512697803171797,20.458022787577153
111,200,4,0.1,0.4,0.05,249,240.0,279.0,310.0,,0.008647889703503652,468,37.64811958736399,27.869770758925654,29.512697803171797,20.458022787577153
132,200,5,0.1,0.4,0.05,465,339.0,289.0,284.0,334.0,0.006277597465037371,469,41.87027506543905,27.120261499889224,29.512697803171797,20.458022787577153
121,200,4,0.1,0.4,0.05,408,236.0,258.0,296.0,,0.00508324962770755,470,39.16996679645254,28.600442095770493,29.512697803171797,20.458022787577153
106,200,4,0.4,0.3,0.5,431,243.0,217.0,264.0,,0.0010796694229771569,471,47.76220374621394,37.3247330244659,29.512697803171797,20.458022787577153
117,200,4,0.1,0.4,0.05,455,231.0,177.0,276.0,,0.011889271228842889,472,32.34048881346588,24.256450856363905,29.512697803171797,20.458022787577153
115,200,4,0.1,0.4,0.05,476,223.0,173.0,271.0,,0.01698751235942129,473,42.978496615056414,33.451295947653364,29.512697803171797,20.458022787577153
120,200,4,0.1,0.4,0.05,460,274.0,183.0,303.0,,0.012458934906168454,474,38.55146475039475,26.007951893531043,29.512697803171797,20.458022787577153
111,200,4,0.1,0.4,0.5,472,257.0,176.0,317.0,,0.01448735281137861,475,49.90837030912582,39.33552287575797,29.512697803171797,20.458022787577153
103,200,4,0.1,0.4,0.05,452,226.0,385.0,286.0,,0.0005712112222816472,476,41.826083960651026,28.83700059480968,29.512697803171797,20.458022787577153
126,200,4,0.1,0.4,0.4,461,234.0,186.0,293.0,,0.05899695051383459,477,61.35008217562397,52.61496682303427,29.512697803171797,20.458022787577153
118,200,4,0.5,0.4,0.05,421,251.0,162.0,254.0,,0.019542560175372915,478,47.90897992301308,35.63478799769031,29.512697803171797,20.458022787577153
227,200,4,0.1,0.4,0.5,493,250.0,193.0,309.0,,0.010273361790488836,479,39.80346119007316,36.673544523157595,29.512697803171797,20.458022787577153
123,200,4,0.1,0.4,0.05,274,220.0,120.0,323.0,,0.007075882235075972,480,32.40472950322291,25.654639811216878,29.512697803171797,20.458022787577153
127,200,4,0.1,0.4,0.05,230,220.0,96.0,324.0,,0.007608114603444816,481,39.278253821662645,33.898219029081,29.512697803171797,20.458022787577153
132,200,4,0.1,0.4,0.05,274,206.0,86.0,335.0,,0.0069620796740913725,482,37.96310189494035,26.829063357417315,29.512697803171797,20.458022787577153
124,200,4,0.1,0.4,0.05,283,227.0,153.0,314.0,,0.0090617109368365,483,49.932318269617404,42.72238710281344,29.512697803171797,20.458022787577153
122,200,4,0.1,0.4,0.05,411,201.0,105.0,323.0,,1.0750814611867108e-05,484,218.4316860466024,212.37913464704584,29.512697803171797,20.458022787577153
130,200,4,0.1,0.4,0.05,211,214.0,166.0,303.0,,0.01231556817662571,485,35.35201275031853,24.725106167930818,29.512697803171797,20.458022787577153
114,200,4,0.1,0.4,0.05,317,238.0,139.0,333.0,,0.008119508960598178,486,46.34776165212602,34.80645242011266,29.512697803171797,20.458022787577153
109,200,4,0.1,0.4,0.05,297,195.0,125.0,10.0,,0.006137004896672051,487,36.35450387784792,25.81707502935287,29.512697803171797,20.458022787577153
120,200,4,0.1,0.4,0.05,436,220.0,116.0,315.0,,0.011290886810219348,488,50.162088484870516,37.15643842516305,29.512697803171797,20.458022787577153
116,200,4,0.1,0.4,0.3,423,377.0,195.0,300.0,,0.009177987827888177,489,46.89519037055389,32.67231565133878,29.512697803171797,20.458022787577153
53,200,4,0.1,0.5,0.05,439,212.0,205.0,322.0,,0.007084026678584243,490,34.59700906665627,25.93119993930485,29.512697803171797,20.458022787577153
125,200,4,0.1,0.4,0.1,257,249.0,123.0,292.0,,0.005302991428319178,491,36.73219468099087,25.883324802822575,29.512697803171797,20.458022787577153
97,200,4,0.1,0.1,0.4,448,244.0,182.0,312.0,,0.016097072347565206,492,45.644717502947294,34.63407671541047,29.512697803171797,20.458022787577153
132,200,4,0.1,0.4,0.05,398,218.0,70.0,303.0,,0.010354600373274967,493,35.392472050450024,25.42063439607671,29.512697803171797,20.458022787577153
103,200,4,0.2,0.4,0.05,309,233.0,203.0,284.0,,0.0064467791228823125,494,37.57747842401149,29.64354611927156,29.512697803171797,20.458022787577153
157,200,4,0.1,0.4,0.05,427,270.0,175.0,330.0,,0.008162400008622752,495,45.20336703236163,33.87387782206043,29.512697803171797,20.458022787577153
112,200,4,0.1,0.4,0.4,406,226.0,346.0,275.0,,0.01380061709197678,496,38.84708213454232,26.581188889094896,29.512697803171797,20.458022787577153
119,200,4,0.4,0.05,0.05,420,234.0,193.0,294.0,,0.005703225113462801,497,41.387392356721406,30.25508262322546,29.512697803171797,20.458022787577153
124,200,4,0.1,0.4,0.05,467,208.0,201.0,100.0,,0.010041020656001294,498,41.83829733103031,31.803413965811266,29.512697803171797,20.458022787577153
167,200,4,0.1,0.4,0.05,442,431.0,289.0,136.0,,0.007377682879303885,499,34.15324904321197,24.21681032794814,29.512697803171797,20.458022787577153
110,200,4,0.1,0.4,0.4,432,63.0,132.0,310.0,,0.0003810556055125409,500,70.51887647676551,56.92612223435283,29.512697803171797,20.458022787577153
